Set,Accuracy,Classification Report,Confusion Matrix
Test,88.84855766158408,"{'0.0': {'precision': 0.9616172654009015, 'recall': 0.4546628778093516, 'f1-score': 0.6174084630563473, 'support': 15484.0}, '1.0': {'precision': 0.8809362662154541, 'recall': 0.9955224118425037, 'f1-score': 0.9347307315394571, 'support': 62757.0}, 'accuracy': {'precision': 0.8884855766158408, 'recall': 0.8884855766158408, 'f1-score': 0.8884855766158408, 'support': 0.8884855766158408}, 'macro avg': {'precision': 0.9212767658081777, 'recall': 0.7250926448259276, 'f1-score': 0.7760695972979021, 'support': 78241.0}, 'weighted avg': {'precision': 0.8969031453630553, 'recall': 0.8884855766158408, 'f1-score': 0.8719322242965478, 'support': 78241.0}}","[[7040, 8444], [281, 62476]]"
