Set,Accuracy,Classification Report,Confusion Matrix
Test,87.97177950179574,"{'0': {'precision': 0.8426040843958028, 'recall': 0.48230431413071556, 'f1-score': 0.6134636710888405, 'support': 15484.0}, '1': {'precision': 0.8844590504194413, 'recall': 0.9777714039868063, 'f1-score': 0.9287773867635373, 'support': 62757.0}, 'accuracy': {'precision': 0.8797177950179573, 'recall': 0.8797177950179573, 'f1-score': 0.8797177950179573, 'support': 0.8797177950179573}, 'macro avg': {'precision': 0.863531567407622, 'recall': 0.730037859058761, 'f1-score': 0.7711205289261889, 'support': 78241.0}, 'weighted avg': {'precision': 0.8761758958852455, 'recall': 0.8797177950179573, 'f1-score': 0.866376374845144, 'support': 78241.0}}","[[7468, 8016], [1395, 61362]]"
