Set,Accuracy,Classification Report,Confusion Matrix
Test,88.814048900193,"{'0': {'precision': 0.9677598665925514, 'recall': 0.4497545853784552, 'f1-score': 0.6141093474426808, 'support': 15484.0}, '1': {'precision': 0.8800760081638398, 'recall': 0.9963032012365155, 'f1-score': 0.9345899164437004, 'support': 62757.0}, 'accuracy': {'precision': 0.88814048900193, 'recall': 0.88814048900193, 'f1-score': 0.88814048900193, 'support': 0.88814048900193}, 'macro avg': {'precision': 0.9239179373781956, 'recall': 0.7230288933074853, 'f1-score': 0.7743496319431906, 'support': 78241.0}, 'weighted avg': {'precision': 0.897428762652026, 'recall': 0.88814048900193, 'f1-score': 0.8711663772454312, 'support': 78241.0}}","[[6964, 8520], [232, 62525]]"
