Set,Accuracy,AUC-ROC,Classification Report,Confusion Matrix
Test,80.254735679241,80.26180911052418,"{'0': {'precision': 0.7951877177138433, 'recall': 0.8094425109987524, 'f1-score': 0.8022517978588396, 'support': 15229.0}, '1': {'precision': 0.8100163666121113, 'recall': 0.7957936712117314, 'f1-score': 0.8028420335463776, 'support': 15548.0}, 'accuracy': {'precision': 0.80254735679241, 'recall': 0.80254735679241, 'f1-score': 0.80254735679241, 'support': 0.80254735679241}, 'macro avg': {'precision': 0.8026020421629774, 'recall': 0.8026180911052418, 'f1-score': 0.8025469157026086, 'support': 30777.0}, 'weighted avg': {'precision': 0.8026788907674312, 'recall': 0.80254735679241, 'f1-score': 0.8025499745644912, 'support': 30777.0}}","[[12327, 2902], [3175, 12373]]"
