Set,Accuracy,AUC-ROC,Classification Report,Confusion Matrix
Test,77.18751015368619,77.18825881990311,"{'0': {'precision': 0.7678151918559123, 'recall': 0.7726048985488213, 'f1-score': 0.7702025987628056, 'support': 15229.0}, '1': {'precision': 0.7759011195237171, 'recall': 0.771160277849241, 'f1-score': 0.773523434727912, 'support': 15548.0}, 'accuracy': {'precision': 0.7718751015368619, 'recall': 0.7718751015368619, 'f1-score': 0.7718751015368619, 'support': 0.7718751015368619}, 'macro avg': {'precision': 0.7718581556898148, 'recall': 0.7718825881990312, 'f1-score': 0.7718630167453588, 'support': 30777.0}, 'weighted avg': {'precision': 0.7719000605363889, 'recall': 0.7718751015368619, 'f1-score': 0.7718802267832583, 'support': 30777.0}}","[[11766, 3463], [3558, 11990]]"
