Set,Accuracy,AUC-ROC,Classification Report,Confusion Matrix
Test,76.02755304285668,76.01723076071654,"{'0': {'precision': 0.7617174478298553, 'recall': 0.750213408628275, 'f1-score': 0.7559216620351993, 'support': 15229.0}, '1': {'precision': 0.7589048041576879, 'recall': 0.770131206586056, 'f1-score': 0.7644767924407839, 'support': 15548.0}, 'accuracy': {'precision': 0.7602755304285668, 'recall': 0.7602755304285668, 'f1-score': 0.7602755304285668, 'support': 0.7602755304285668}, 'macro avg': {'precision': 0.7603111259937716, 'recall': 0.7601723076071656, 'f1-score': 0.7601992272379916, 'support': 30777.0}, 'weighted avg': {'precision': 0.7602965496326671, 'recall': 0.7602755304285668, 'f1-score': 0.7602435637002749, 'support': 30777.0}}","[[11425, 3804], [3574, 11974]]"
